<?xml version="1.0" encoding="UTF-8"?>
<project-private xmlns="http://www.netbeans.org/ns/project-private/1">
    <editor-bookmarks xmlns="http://www.netbeans.org/ns/editor-bookmarks/2" lastBookmarkId="0"/>
    <open-files xmlns="http://www.netbeans.org/ns/projectui-open-files/2">
        <group>
            <file>file:/E:/YEAR%202/Engineering%20Software%20Systems/git/ESS_SolentProperty/src/ess_solentproperty/Launch.java</file>
            <file>file:/E:/YEAR%202/Engineering%20Software%20Systems/git/ESS_SolentProperty/src/ess_solentproperty/MainPageController.java</file>
            <file>file:/E:/YEAR%202/Engineering%20Software%20Systems/git/ESS_SolentProperty/src/ess_solentproperty/LoginController.java</file>
            <file>file:/E:/YEAR%202/Engineering%20Software%20Systems/git/ESS_SolentProperty/src/ess_solentproperty/MainPage.fxml</file>
        </group>
    </open-files>
</project-private>
